{
  "model": "CNN simples",
  "accuracy": 0.7644230769230769,
  "precision": 0.7279549718574109,
  "recall": 0.9948717948717949,
  "f1_score": 0.8407367280606717
}