{
  "model": "CNN simples",
  "accuracy": 0.8766025641025641,
  "precision": 0.9002557544757033,
  "recall": 0.9025641025641026,
  "f1_score": 0.9014084507042254
}