{
  "model": "CNN simples",
  "accuracy": 0.844551282051282,
  "precision": 0.8671679197994987,
  "recall": 0.8871794871794871,
  "f1_score": 0.8770595690747782
}