{
  "model": "DenseNet121 Transfer Learning",
  "accuracy": 0.8733974358974359,
  "precision": 0.8676122931442081,
  "recall": 0.941025641025641,
  "f1_score": 0.9028290282902829
}