{
  "model": "CNN simples",
  "accuracy": 0.8237179487179487,
  "precision": 0.7978723404255319,
  "recall": 0.9615384615384616,
  "f1_score": 0.872093023255814
}