{
  "model": "CNN simples",
  "accuracy": 0.875,
  "precision": 0.8594470046082949,
  "recall": 0.9564102564102565,
  "f1_score": 0.9053398058252428
}