{
  "model": "CNN simples",
  "accuracy": 0.8830128205128205,
  "precision": 0.8800959232613909,
  "recall": 0.941025641025641,
  "f1_score": 0.909541511771995
}